Canale,durata(s)
EEGFp1,0.609375
EEGFp1,0.609375
EEGFp1,1.5234375
EEGFp1,1.015625
EEGFp1,0.8125
EEGFp1,1.7265625
EEGFp1,1.21875
EEGFp1,0.8125
EEGFp1,0.7109375
EEGFp1,0.7109375
EEGFp1,2.4375
EEGFp1,0.9140625
EEGFp1,2.7421875
EEGFp1,0.9140625
EEGFp1,0.609375
EEGFp1,1.21875
EEGFp1,0.7109375
EEGFp1,0.7109375
EEGFp1,1.421875
EEGFp1,1.7265625
EEGFp1,0.8125
EEGFp1,0.8125
EEGFp1,1.1171875
EEGFp1,1.015625
EEGFp1,1.5234375
EEGFp1,0.609375
EEGFp1,2.3359375
EEGFp1,0.7109375
EEGFp1,1.015625
EEGFp1,0.609375
EEGFp1,0.9140625
EEGFp1,1.3203125
EEGFp1,1.015625
EEGFp1,0.7109375
EEGFp1,1.625
EEGFp1,1.21875
EEGFp1,1.21875
EEGFp1,0.609375
EEGFp1,1.9296875
EEGFp1,0.609375
EEGFp1,0.7109375
EEGFp1,0.8125
EEGFp1,2.1328125
EEGFp1,1.21875
EEGFp1,1.7265625
EEGFp1,0.8125
EEGFp1,1.015625
EEGFp1,1.7265625
EEGFp1,0.8125
EEGFp1,1.5234375
EEGFp1,0.7109375
EEGFp1,0.7109375
EEGFp1,0.9140625
EEGFp1,0.7109375
EEGFp1,1.5234375
EEGFp1,2.3359375
EEGFp1,1.828125
EEGFp1,0.8125
EEGFp1,1.625
EEGFp1,0.9140625
EEGFp1,0.609375
EEGFp1,0.7109375
EEGFp1,0.8125
EEGFp1,1.3203125
EEGFp1,1.7265625
EEGFp1,1.3203125
EEGFp1,0.8125
EEGFp1,0.8125
EEGFp1,0.7109375
EEGFp1,0.7109375
EEGFp1,0.609375
EEGFp1,1.21875
EEGFp1,0.8125
EEGFp1,0.7109375
EEGFp1,0.7109375
EEGFp1,0.8125
EEGFp1,0.9140625
EEGFp1,0.7109375
EEGFp1,0.9140625
EEGFp1,0.7109375
EEGFp1,0.7109375
EEGFp1,1.21875
EEGFp1,1.1171875
EEGFp1,0.7109375
EEGFp1,0.609375
EEGFp1,1.015625
EEGFp1,0.8125
EEGFp1,0.7109375
EEGFp1,1.015625
EEGFp1,0.8125
EEGFp1,0.7109375
EEGFp1,1.015625
EEGFp1,1.625
EEGFp1,1.21875
EEGFp1,1.015625
EEGFp1,0.609375
EEGFp1,1.015625
EEGFp1,0.9140625
EEGFp1,1.7265625
EEGFp1,0.9140625
EEGFp1,0.609375
EEGFp1,0.7109375
EEGFp1,1.015625
EEGFp1,0.609375
EEGFp1,0.609375
EEGFp1,0.9140625
EEGFp1,0.9140625
EEGFp1,0.609375
EEGFp1,1.5234375
EEGFp1,0.9140625
EEGFp1,2.7421875
EEGFp1,0.9140625
EEGFp1,1.5234375
EEGFp1,0.609375
EEGFp1,0.8125
EEGFp1,0.609375
EEGFp1,1.1171875
EEGFp1,0.609375
EEGFp1,1.1171875
EEGFp1,1.015625
EEGFp1,0.7109375
EEGFp1,0.609375
EEGFp1,0.7109375
EEGFp1,3.046875
EEGFp1,1.015625
EEGFp1,0.9140625
EEGFp1,0.7109375
EEGFp1,0.7109375
EEGFp1,2.5390625
EEGFp1,0.7109375
EEGFp1,0.609375
EEGFp1,0.609375
EEGFp1,1.015625
EEGFp1,0.609375
EEGFp1,0.609375
EEGFp1,0.609375
EEGFp2,0.7109375
EEGFp2,0.7109375
EEGFp2,0.609375
EEGFp2,1.421875
EEGFp2,1.015625
EEGFp2,0.609375
EEGFp2,1.421875
EEGFp2,2.03125
EEGFp2,0.8125
EEGFp2,1.9296875
EEGFp2,1.21875
EEGFp2,1.1171875
EEGFp2,1.7265625
EEGFp2,1.828125
EEGFp2,0.609375
EEGFp2,0.609375
EEGFp2,0.9140625
EEGFp2,1.5234375
EEGFp2,1.625
EEGFp2,1.21875
EEGFp2,0.609375
EEGFp2,0.8125
EEGFp2,0.8125
EEGFp2,0.9140625
EEGFp2,0.8125
EEGFp2,0.609375
EEGFp2,0.9140625
EEGFp2,2.3359375
EEGFp2,2.3359375
EEGFp2,1.828125
EEGFp2,1.1171875
EEGFp2,1.5234375
EEGFp2,0.7109375
EEGFp2,1.421875
EEGFp2,1.9296875
EEGFp2,1.015625
EEGFp2,0.8125
EEGFp2,0.9140625
EEGFp2,0.7109375
EEGFp2,1.1171875
EEGFp2,0.7109375
EEGFp2,1.3203125
EEGFp2,2.3359375
EEGFp2,0.609375
EEGFp2,0.9140625
EEGFp2,1.21875
EEGFp2,2.1328125
EEGFp2,1.1171875
EEGFp2,0.609375
EEGFp2,1.421875
EEGFp2,0.609375
EEGFp2,1.7265625
EEGFp2,0.8125
EEGFp2,1.625
EEGFp2,0.609375
EEGFp2,1.625
EEGFp2,0.7109375
EEGFp2,2.03125
EEGFp2,1.9296875
EEGFp2,1.9296875
EEGFp2,0.9140625
EEGFp2,0.609375
EEGFp2,0.609375
EEGFp2,1.625
EEGFp2,1.625
EEGFp2,0.8125
EEGFp2,1.21875
EEGFp2,1.21875
EEGFp2,1.7265625
EEGFp2,0.9140625
EEGFp2,1.5234375
EEGFp2,1.1171875
EEGFp2,1.3203125
EEGFp2,1.625
EEGFp2,1.421875
EEGFp2,0.609375
EEGFp2,0.8125
EEGFp2,0.8125
EEGFp2,0.9140625
EEGFp2,1.1171875
EEGFp2,0.8125
EEGFp2,0.609375
EEGFp2,0.7109375
EEGFp2,0.609375
EEGFp2,0.9140625
EEGFp2,0.609375
EEGFp2,0.7109375
EEGFp2,0.7109375
EEGFp2,0.7109375
EEGFp2,1.21875
EEGFp2,0.609375
EEGFp2,0.8125
EEGFp2,1.3203125
EEGFp2,0.7109375
EEGFp2,2.1328125
EEGFp2,0.9140625
EEGFp2,0.609375
EEGFp2,0.609375
EEGFp2,1.015625
EEGFp2,1.1171875
EEGFp2,1.7265625
EEGFp2,1.015625
EEGFp2,0.609375
EEGFp2,1.9296875
EEGFp2,0.609375
EEGFp2,0.7109375
EEGFp2,0.609375
EEGFp2,0.7109375
EEGFp2,0.9140625
EEGFp2,0.609375
EEGFp2,0.9140625
EEGFp2,0.609375
EEGFp2,0.8125
EEGFp2,0.609375
EEGFp2,0.609375
EEGFp2,0.8125
EEGFp2,0.609375
EEGFp2,1.015625
EEGFp2,0.8125
EEGFp2,0.7109375
EEGFp2,1.3203125
EEGFp2,0.8125
EEGFp2,1.015625
EEGFp2,0.8125
EEGFp2,0.8125
EEGFp2,0.609375
EEGFp2,0.9140625
EEGFp2,0.609375
EEGFp2,0.609375
EEGFp2,0.7109375
EEGFp2,0.609375
EEGF7,0.9140625
EEGF7,0.609375
EEGF7,0.8125
EEGF7,2.234375
EEGF7,1.9296875
EEGF7,0.7109375
EEGF7,1.015625
EEGF7,0.609375
EEGF7,2.03125
EEGF7,0.7109375
EEGF7,2.3359375
EEGF7,2.3359375
EEGF7,0.7109375
EEGF7,2.03125
EEGF7,1.421875
EEGF7,0.7109375
EEGF7,0.8125
EEGF7,1.7265625
EEGF7,0.9140625
EEGF7,0.7109375
EEGF7,1.625
EEGF7,0.609375
EEGF7,0.8125
EEGF7,0.609375
EEGF7,2.4375
EEGF7,1.1171875
EEGF7,1.21875
EEGF7,0.609375
EEGF7,0.9140625
EEGF7,1.21875
EEGF7,0.7109375
EEGF7,1.1171875
EEGF7,1.421875
EEGF7,1.015625
EEGF7,1.015625
EEGF7,0.7109375
EEGF7,1.625
EEGF7,1.21875
EEGF7,0.9140625
EEGF7,0.8125
EEGF7,1.421875
EEGF7,1.015625
EEGF7,1.21875
EEGF7,0.9140625
EEGF7,0.609375
EEGF7,0.7109375
EEGF7,1.625
EEGF7,0.8125
EEGF7,1.828125
EEGF7,1.421875
EEGF7,1.015625
EEGF7,1.625
EEGF7,0.8125
EEGF7,1.21875
EEGF7,0.8125
EEGF7,0.7109375
EEGF7,1.5234375
EEGF7,0.8125
EEGF7,0.9140625
EEGF7,2.1328125
EEGF7,0.8125
EEGF7,0.8125
EEGF7,1.5234375
EEGF7,1.5234375
EEGF7,1.7265625
EEGF7,0.609375
EEGF7,1.9296875
EEGF7,0.8125
EEGF7,0.7109375
EEGF7,1.421875
EEGF7,2.7421875
EEGF7,0.9140625
EEGF7,2.3359375
EEGF7,1.3203125
EEGF7,0.609375
EEGF7,1.7265625
EEGF7,0.609375
EEGF7,0.9140625
EEGF7,1.5234375
EEGF7,1.3203125
EEGF7,0.609375
EEGF7,0.609375
EEGF7,0.609375
EEGF7,0.8125
EEGF7,1.015625
EEGF7,0.7109375
EEGF7,0.8125
EEGF7,1.421875
EEGF7,1.015625
EEGF7,0.7109375
EEGF7,1.1171875
EEGF7,0.8125
EEGF7,1.3203125
EEGF7,0.7109375
EEGF7,0.8125
EEGF7,1.421875
EEGF7,0.609375
EEGF7,1.7265625
EEGF7,0.9140625
EEGF7,0.609375
EEGF7,0.8125
EEGF7,0.7109375
EEGF7,1.828125
EEGF7,0.8125
EEGF7,1.1171875
EEGF7,0.8125
EEGF7,0.609375
EEGF7,0.609375
EEGF7,0.7109375
EEGF7,1.3203125
EEGF7,1.21875
EEGF7,0.9140625
EEGF7,0.609375
EEGF7,0.609375
EEGF7,0.609375
EEGF7,0.609375
EEGF7,1.421875
EEGF7,0.9140625
EEGF7,0.609375
EEGF7,0.8125
EEGF7,0.7109375
EEGF7,0.8125
EEGF7,0.7109375
EEGF7,1.1171875
EEGF7,1.1171875
EEGF7,0.7109375
EEGF7,0.7109375
EEGF7,0.9140625
EEGF3,0.609375
EEGF3,2.1328125
EEGF3,1.1171875
EEGF3,0.7109375
EEGF3,1.3203125
EEGF3,1.7265625
EEGF3,2.03125
EEGF3,0.609375
EEGF3,2.84375
EEGF3,1.1171875
EEGF3,0.9140625
EEGF3,2.1328125
EEGF3,1.1171875
EEGF3,2.7421875
EEGF3,1.421875
EEGF3,0.609375
EEGF3,0.7109375
EEGF3,0.8125
EEGF3,0.609375
EEGF3,0.7109375
EEGF3,3.046875
EEGF3,1.5234375
EEGF3,1.21875
EEGF3,1.1171875
EEGF3,1.015625
EEGF3,1.421875
EEGF3,0.9140625
EEGF3,1.5234375
EEGF3,0.7109375
EEGF3,1.5234375
EEGF3,1.015625
EEGF3,1.1171875
EEGF3,0.7109375
EEGF3,1.015625
EEGF3,1.015625
EEGF3,1.015625
EEGF3,0.8125
EEGF3,1.1171875
EEGF3,0.8125
EEGF3,1.3203125
EEGF3,1.1171875
EEGF3,1.9296875
EEGF3,0.8125
EEGF3,1.828125
EEGF3,0.7109375
EEGF3,1.1171875
EEGF3,0.9140625
EEGF3,2.03125
EEGF3,0.8125
EEGF3,0.7109375
EEGF3,1.828125
EEGF3,0.7109375
EEGF3,1.21875
EEGF3,1.5234375
EEGF3,1.015625
EEGF3,0.9140625
EEGF3,1.5234375
EEGF3,0.8125
EEGF3,0.9140625
EEGF3,1.1171875
EEGF3,2.1328125
EEGF3,1.015625
EEGF3,0.609375
EEGF3,0.7109375
EEGF3,1.3203125
EEGF3,1.1171875
EEGF3,0.609375
EEGF3,2.03125
EEGF3,1.9296875
EEGF3,0.7109375
EEGF3,0.7109375
EEGF3,0.8125
EEGF3,0.9140625
EEGF3,1.21875
EEGF3,1.3203125
EEGF3,0.609375
EEGF3,0.7109375
EEGF3,0.8125
EEGF3,0.609375
EEGF3,1.625
EEGF3,0.7109375
EEGF3,1.21875
EEGF3,1.015625
EEGF3,0.9140625
EEGF3,1.015625
EEGF3,1.1171875
EEGF3,1.625
EEGF3,0.7109375
EEGF3,0.8125
EEGF3,1.015625
EEGF3,0.609375
EEGF3,1.1171875
EEGF3,0.609375
EEGF3,0.8125
EEGF3,0.7109375
EEGF3,0.8125
EEGF3,0.9140625
EEGF3,0.609375
EEGF3,0.609375
EEGF3,1.015625
EEGF3,0.7109375
EEGF3,0.8125
EEGF3,0.7109375
EEGF3,0.609375
EEGF3,1.9296875
EEGF3,1.5234375
EEGF3,0.8125
EEGF3,2.640625
EEGF3,1.421875
EEGF3,0.9140625
EEGF3,0.609375
EEGF3,0.609375
EEGF3,0.609375
EEGF3,0.609375
EEGF3,1.015625
EEGF3,0.8125
EEGF3,0.8125
EEGF3,0.609375
EEGF3,1.015625
EEGF3,2.4375
EEGF3,0.8125
EEGF3,0.8125
EEGF3,0.609375
EEGF3,0.609375
EEGF3,0.8125
EEGF3,0.609375
EEGF3,1.1171875
EEGF3,0.609375
EEGF3,1.1171875
EEGF3,0.609375
EEGF3,1.015625
EEGF3,0.609375
EEGF3,0.9140625
EEGF3,0.8125
EEGF3,0.609375
EEGF3,0.609375
EEGF3,0.7109375
EEGF3,0.609375
EEGF3,0.9140625
EEGFz,0.609375
EEGFz,0.7109375
EEGFz,0.609375
EEGFz,0.7109375
EEGFz,0.9140625
EEGFz,1.625
EEGFz,0.609375
EEGFz,1.015625
EEGFz,1.828125
EEGFz,1.3203125
EEGFz,0.8125
EEGFz,0.609375
EEGFz,0.8125
EEGFz,0.7109375
EEGFz,1.21875
EEGFz,1.21875
EEGFz,0.8125
EEGFz,1.7265625
EEGFz,1.015625
EEGFz,0.8125
EEGFz,1.1171875
EEGFz,2.640625
EEGFz,0.8125
EEGFz,0.8125
EEGFz,2.3359375
EEGFz,1.421875
EEGFz,1.015625
EEGFz,1.1171875
EEGFz,1.828125
EEGFz,1.5234375
EEGFz,1.1171875
EEGFz,0.7109375
EEGFz,1.625
EEGFz,0.7109375
EEGFz,0.609375
EEGFz,0.8125
EEGFz,2.03125
EEGFz,0.609375
EEGFz,1.9296875
EEGFz,0.7109375
EEGFz,1.015625
EEGFz,1.015625
EEGFz,0.609375
EEGFz,0.9140625
EEGFz,1.015625
EEGFz,0.9140625
EEGFz,1.1171875
EEGFz,1.015625
EEGFz,0.8125
EEGFz,2.03125
EEGFz,0.7109375
EEGFz,1.015625
EEGFz,0.8125
EEGFz,2.3359375
EEGFz,0.7109375
EEGFz,1.9296875
EEGFz,0.7109375
EEGFz,1.7265625
EEGFz,1.5234375
EEGFz,1.625
EEGFz,1.625
EEGFz,1.421875
EEGFz,0.8125
EEGFz,1.421875
EEGFz,2.234375
EEGFz,0.609375
EEGFz,0.7109375
EEGFz,1.421875
EEGFz,1.015625
EEGFz,0.9140625
EEGFz,1.625
EEGFz,0.7109375
EEGFz,1.3203125
EEGFz,0.609375
EEGFz,0.8125
EEGFz,0.7109375
EEGFz,1.3203125
EEGFz,0.9140625
EEGFz,1.015625
EEGFz,0.609375
EEGFz,0.609375
EEGFz,0.7109375
EEGFz,0.609375
EEGFz,1.21875
EEGFz,0.609375
EEGFz,0.609375
EEGFz,1.21875
EEGFz,0.609375
EEGFz,1.1171875
EEGFz,0.7109375
EEGFz,1.015625
EEGFz,1.421875
EEGFz,1.828125
EEGFz,0.8125
EEGFz,0.9140625
EEGFz,0.609375
EEGFz,0.609375
EEGFz,0.9140625
EEGFz,2.234375
EEGFz,0.609375
EEGFz,1.015625
EEGFz,0.8125
EEGFz,0.609375
EEGFz,0.8125
EEGFz,1.015625
EEGFz,0.7109375
EEGFz,0.609375
EEGFz,0.7109375
EEGFz,1.9296875
EEGFz,0.7109375
EEGFz,1.7265625
EEGFz,0.7109375
EEGFz,0.8125
EEGFz,0.9140625
EEGFz,0.7109375
EEGFz,1.1171875
EEGFz,0.7109375
EEGFz,0.609375
EEGFz,0.609375
EEGFz,0.7109375
EEGFz,0.9140625
EEGFz,1.015625
EEGFz,1.015625
EEGFz,1.1171875
EEGFz,0.609375
EEGFz,0.7109375
EEGFz,0.609375
EEGFz,0.7109375
EEGFz,0.7109375
EEGFz,0.609375
EEGFz,0.8125
EEGFz,1.21875
EEGFz,0.8125
EEGFz,0.609375
EEGFz,0.609375
EEGFz,0.609375
EEGF4,0.609375
EEGF4,0.609375
EEGF4,1.015625
EEGF4,0.9140625
EEGF4,0.609375
EEGF4,0.7109375
EEGF4,0.7109375
EEGF4,2.03125
EEGF4,1.21875
EEGF4,0.609375
EEGF4,1.625
EEGF4,0.609375
EEGF4,1.3203125
EEGF4,2.9453125
EEGF4,1.21875
EEGF4,1.5234375
EEGF4,1.015625
EEGF4,1.828125
EEGF4,1.9296875
EEGF4,1.9296875
EEGF4,1.7265625
EEGF4,1.828125
EEGF4,2.84375
EEGF4,1.015625
EEGF4,1.828125
EEGF4,1.015625
EEGF4,1.21875
EEGF4,0.9140625
EEGF4,1.21875
EEGF4,1.015625
EEGF4,0.7109375
EEGF4,0.8125
EEGF4,2.1328125
EEGF4,1.5234375
EEGF4,1.421875
EEGF4,0.609375
EEGF4,0.7109375
EEGF4,1.625
EEGF4,1.421875
EEGF4,1.5234375
EEGF4,1.7265625
EEGF4,0.9140625
EEGF4,0.8125
EEGF4,0.7109375
EEGF4,0.8125
EEGF4,2.1328125
EEGF4,0.609375
EEGF4,0.7109375
EEGF4,2.03125
EEGF4,2.3359375
EEGF4,0.7109375
EEGF4,0.8125
EEGF4,2.234375
EEGF4,2.5390625
EEGF4,1.3203125
EEGF4,1.421875
EEGF4,1.5234375
EEGF4,1.1171875
EEGF4,1.9296875
EEGF4,0.609375
EEGF4,1.828125
EEGF4,1.421875
EEGF4,0.609375
EEGF4,2.1328125
EEGF4,0.8125
EEGF4,1.828125
EEGF4,1.421875
EEGF4,0.8125
EEGF4,0.9140625
EEGF4,0.609375
EEGF4,1.5234375
EEGF4,1.625
EEGF4,2.84375
EEGF4,0.8125
EEGF4,1.21875
EEGF4,2.1328125
EEGF4,1.015625
EEGF4,1.828125
EEGF4,1.7265625
EEGF4,1.3203125
EEGF4,1.9296875
EEGF4,1.625
EEGF4,1.1171875
EEGF4,0.609375
EEGF4,0.609375
EEGF4,1.828125
EEGF4,1.1171875
EEGF4,0.7109375
EEGF4,0.8125
EEGF4,2.3359375
EEGF4,1.625
EEGF4,1.21875
EEGF4,1.1171875
EEGF4,1.421875
EEGF4,0.7109375
EEGF4,0.609375
EEGF4,0.609375
EEGF4,0.9140625
EEGF4,0.9140625
EEGF4,0.8125
EEGF4,1.015625
EEGF4,0.609375
EEGF4,0.609375
EEGF4,0.609375
EEGF4,0.8125
EEGF4,0.9140625
EEGF4,0.8125
EEGF4,0.609375
EEGF4,0.9140625
EEGF4,0.609375
EEGF4,0.609375
EEGF4,0.7109375
EEGF4,2.640625
EEGF4,1.5234375
EEGF4,0.609375
EEGF4,0.9140625
EEGF4,0.609375
EEGF4,1.21875
EEGF4,1.5234375
EEGF4,0.7109375
EEGF4,0.609375
EEGF4,0.9140625
EEGF4,0.7109375
EEGF4,0.8125
EEGF4,1.1171875
EEGF4,0.7109375
EEGF4,1.015625
EEGF4,1.21875
EEGF4,3.046875
EEGF4,1.9296875
EEGF4,1.015625
EEGF4,0.7109375
EEGF4,0.7109375
EEGF4,0.609375
EEGF4,0.609375
EEGF4,1.1171875
EEGF4,1.21875
EEGF4,0.7109375
EEGF4,0.7109375
EEGF4,0.609375
EEGF4,1.625
EEGF4,1.421875
EEGF4,1.1171875
EEGF4,1.1171875
EEGF4,1.1171875
EEGF4,1.5234375
EEGF4,1.3203125
EEGF4,0.9140625
EEGF4,1.625
EEGF4,1.625
EEGF4,0.7109375
EEGF4,1.421875
EEGF4,0.609375
EEGF4,0.609375
EEGF4,1.015625
EEGF4,0.7109375
EEGF4,0.9140625
EEGF4,1.21875
EEGF4,0.609375
EEGF4,0.9140625
EEGF4,1.5234375
EEGF4,0.7109375
EEGF4,0.7109375
EEGF4,0.609375
EEGF4,0.609375
EEGF4,0.7109375
EEGF4,0.7109375
EEGF4,0.8125
EEGF4,1.21875
EEGF4,0.8125
EEGF4,0.9140625
EEGF4,1.1171875
EEGF4,0.8125
EEGF4,0.9140625
EEGF4,0.609375
EEGF4,0.8125
EEGF4,0.609375
EEGF8,0.609375
EEGF8,0.609375
EEGF8,0.609375
EEGF8,0.609375
EEGF8,0.609375
EEGF8,0.7109375
EEGF8,2.03125
EEGF8,1.21875
EEGF8,1.1171875
EEGF8,0.9140625
EEGF8,2.03125
EEGF8,0.7109375
EEGF8,1.015625
EEGF8,0.7109375
EEGF8,0.8125
EEGF8,1.828125
EEGF8,1.828125
EEGF8,0.7109375
EEGF8,0.7109375
EEGF8,0.8125
EEGF8,1.3203125
EEGF8,0.9140625
EEGF8,0.609375
EEGF8,2.03125
EEGF8,0.609375
EEGF8,0.7109375
EEGF8,0.7109375
EEGF8,0.9140625
EEGF8,1.1171875
EEGF8,1.015625
EEGF8,1.828125
EEGF8,1.421875
EEGF8,1.5234375
EEGF8,0.8125
EEGF8,0.9140625
EEGF8,0.9140625
EEGF8,1.1171875
EEGF8,2.03125
EEGF8,2.4375
EEGF8,0.8125
EEGF8,1.21875
EEGF8,0.609375
EEGF8,1.421875
EEGF8,1.015625
EEGF8,1.5234375
EEGF8,1.421875
EEGF8,1.1171875
EEGF8,1.421875
EEGF8,0.8125
EEGF8,1.015625
EEGF8,1.015625
EEGF8,1.828125
EEGF8,1.5234375
EEGF8,1.625
EEGF8,0.609375
EEGF8,0.8125
EEGF8,1.1171875
EEGF8,0.8125
EEGF8,1.015625
EEGF8,0.7109375
EEGF8,1.015625
EEGF8,1.3203125
EEGF8,1.21875
EEGF8,1.828125
EEGF8,0.609375
EEGF8,0.609375
EEGF8,0.8125
EEGF8,0.609375
EEGF8,0.7109375
EEGF8,0.609375
EEGF8,0.7109375
EEGF8,0.609375
EEGF8,0.7109375
EEGF8,1.015625
EEGF8,0.609375
EEGF8,1.015625
EEGF8,0.7109375
EEGF8,1.1171875
EEGF8,0.9140625
EEGF8,0.7109375
EEGF8,0.7109375
EEGF8,0.609375
EEGF8,0.9140625
EEGF8,0.7109375
EEGF8,1.015625
EEGF8,0.9140625
EEGF8,2.03125
EEGF8,0.8125
EEGF8,0.8125
EEGF8,1.015625
EEGF8,1.015625
EEGF8,0.7109375
EEGF8,0.7109375
EEGF8,0.8125
EEGF8,1.7265625
EEGF8,0.7109375
EEGF8,0.7109375
EEGF8,0.7109375
EEGF8,0.609375
EEGF8,1.015625
EEGF8,1.421875
EEGF8,0.609375
EEGF8,0.9140625
EEGF8,0.7109375
EEGF8,1.21875
EEGF8,0.609375
EEGF8,0.9140625
EEGF8,0.7109375
EEGF8,0.609375
EEGT3,0.609375
EEGT3,1.1171875
EEGT3,0.7109375
EEGT3,0.609375
EEGT3,0.609375
EEGT3,0.7109375
EEGT3,0.609375
EEGT3,0.609375
EEGT3,0.7109375
EEGT3,0.8125
EEGT3,0.7109375
EEGC3,0.609375
EEGC3,0.7109375
EEGC3,0.609375
EEGC3,0.8125
EEGC3,0.609375
EEGC3,1.015625
EEGC3,1.5234375
EEGC3,0.7109375
EEGC3,0.609375
EEGC3,1.5234375
EEGC3,0.9140625
EEGC3,2.3359375
EEGC3,0.7109375
EEGC3,0.8125
EEGC3,0.9140625
EEGC3,0.609375
EEGC3,1.5234375
EEGC3,0.609375
EEGC3,1.625
EEGC3,1.015625
EEGC3,0.7109375
EEGC3,0.609375
EEGC3,0.609375
EEGC3,0.9140625
EEGC3,0.7109375
EEGC3,0.7109375
EEGC3,1.5234375
EEGC3,1.015625
EEGC3,1.015625
EEGC3,0.8125
EEGC3,0.609375
EEGC3,1.1171875
EEGC3,1.421875
EEGC3,0.609375
EEGC3,0.609375
EEGC3,0.609375
EEGC3,0.609375
EEGC3,0.7109375
EEGC3,0.609375
EEGC3,2.03125
EEGC3,0.609375
EEGC3,0.609375
EEGC3,0.609375
EEGC3,0.609375
EEGC3,0.7109375
EEGC3,1.015625
EEGC3,0.7109375
EEGC3,0.9140625
EEGC3,1.015625
EEGC3,0.8125
EEGC3,0.8125
EEGC3,0.8125
EEGC3,1.1171875
EEGC3,0.609375
EEGC3,1.421875
EEGC3,0.7109375
EEGC3,0.7109375
EEGC3,0.609375
EEGC3,0.8125
EEGC3,0.7109375
EEGC3,0.7109375
EEGC3,0.609375
EEGC3,0.609375
EEGC3,0.7109375
EEGC3,0.8125
EEGC3,0.609375
EEGCz,0.7109375
EEGCz,0.609375
EEGCz,0.609375
EEGCz,0.7109375
EEGCz,2.1328125
EEGCz,1.015625
EEGCz,1.5234375
EEGCz,0.7109375
EEGCz,1.015625
EEGCz,1.421875
EEGCz,0.609375
EEGCz,0.609375
EEGCz,0.609375
EEGCz,0.8125
EEGCz,0.609375
EEGCz,0.9140625
EEGCz,1.7265625
EEGCz,0.609375
EEGCz,1.5234375
EEGCz,0.9140625
EEGCz,1.1171875
EEGCz,1.015625
EEGCz,1.015625
EEGCz,0.609375
EEGCz,0.8125
EEGCz,0.7109375
EEGCz,0.9140625
EEGCz,0.7109375
EEGCz,1.015625
EEGCz,1.015625
EEGCz,1.1171875
EEGCz,0.8125
EEGCz,1.21875
EEGCz,0.9140625
EEGCz,1.1171875
EEGCz,0.8125
EEGCz,1.1171875
EEGCz,1.5234375
EEGCz,1.015625
EEGCz,2.03125
EEGCz,0.7109375
EEGCz,1.1171875
EEGCz,1.5234375
EEGCz,0.9140625
EEGCz,0.609375
EEGCz,2.03125
EEGCz,1.015625
EEGCz,0.609375
EEGCz,1.3203125
EEGCz,1.015625
EEGCz,1.015625
EEGCz,1.1171875
EEGCz,1.015625
EEGCz,0.7109375
EEGCz,0.9140625
EEGCz,0.7109375
EEGCz,1.21875
EEGCz,0.8125
EEGCz,0.8125
EEGCz,1.21875
EEGCz,1.1171875
EEGCz,0.609375
EEGCz,0.609375
EEGCz,1.015625
EEGCz,1.9296875
EEGCz,0.9140625
EEGCz,0.7109375
EEGCz,1.5234375
EEGCz,0.609375
EEGCz,1.21875
EEGCz,0.609375
EEGCz,0.8125
EEGCz,0.7109375
EEGCz,0.7109375
EEGCz,0.609375
EEGCz,1.625
EEGCz,0.8125
EEGCz,0.8125
EEGCz,0.8125
EEGCz,1.1171875
EEGCz,0.9140625
EEGCz,0.609375
EEGCz,0.609375
EEGCz,1.015625
EEGCz,0.7109375
EEGCz,0.7109375
EEGCz,0.7109375
EEGCz,0.609375
EEGCz,2.7421875
EEGCz,0.609375
EEGC4,0.609375
EEGC4,0.609375
EEGC4,0.609375
EEGC4,0.609375
EEGC4,0.8125
EEGC4,0.609375
EEGC4,0.609375
EEGC4,1.015625
EEGC4,0.9140625
EEGC4,0.7109375
EEGC4,0.8125
EEGC4,0.8125
EEGC4,0.609375
EEGC4,0.609375
EEGC4,0.8125
EEGC4,0.8125
EEGC4,0.7109375
EEGC4,0.609375
EEGC4,0.7109375
EEGC4,0.9140625
EEGC4,0.609375
EEGC4,1.015625
EEGC4,0.609375
EEGC4,0.9140625
EEGC4,0.609375
EEGC4,1.015625
EEGC4,0.609375
EEGC4,0.9140625
EEGC4,0.8125
EEGC4,0.609375
EEGC4,0.609375
EEGC4,0.609375
EEGC4,0.609375
EEGC4,0.609375
EEGC4,0.609375
EEGT4,0.7109375
EEGT4,0.609375
EEGT4,1.015625
EEGT4,0.609375
EEGT4,0.8125
EEGT4,0.7109375
EEGT4,0.7109375
EEGT4,0.609375
EEGT4,0.609375
EEGT4,0.609375
EEGT4,0.609375
EEGT5,0.609375
EEGT5,0.609375
EEGT5,0.8125
EEGT5,0.7109375
EEGT5,1.1171875
EEGT5,0.7109375
EEGT5,0.609375
EEGT5,0.609375
EEGT5,0.9140625
EEGT5,0.609375
EEGT5,0.7109375
EEGT5,1.3203125
EEGT5,0.609375
EEGT5,1.421875
EEGT5,0.8125
EEGT5,0.609375
EEGT5,0.7109375
EEGT5,0.609375
EEGT5,0.8125
EEGT5,0.609375
EEGT5,0.8125
EEGT5,0.609375
EEGT5,0.7109375
EEGT5,0.609375
EEGT5,0.7109375
EEGT5,0.7109375
EEGT5,0.609375
EEGT5,0.609375
EEGT5,1.5234375
EEGT5,0.609375
EEGT5,0.9140625
EEGT5,0.8125
EEGT5,1.1171875
EEGT5,0.7109375
EEGT5,0.8125
EEGT5,0.609375
EEGP3,0.609375
EEGP3,0.7109375
EEGP3,2.1328125
EEGP3,0.609375
EEGP3,0.7109375
EEGP3,0.8125
EEGP3,0.609375
EEGP3,0.609375
EEGP3,0.609375
EEGP3,1.015625
EEGP3,0.9140625
EEGP3,0.9140625
EEGP3,1.015625
EEGP3,0.609375
EEGP3,1.1171875
EEGP3,0.7109375
EEGP3,0.7109375
EEGP3,0.7109375
EEGP3,0.609375
EEGP3,0.7109375
EEGP3,0.7109375
EEGP3,1.015625
EEGP3,0.7109375
EEGP3,0.8125
EEGP3,0.8125
EEGP3,0.609375
EEGP3,0.8125
EEGP3,0.609375
EEGP3,0.9140625
EEGP3,0.609375
EEGP3,0.7109375
EEGP3,1.015625
EEGP3,1.1171875
EEGP3,0.609375
EEGP3,0.8125
EEGP3,0.609375
EEGP3,0.609375
EEGPz,0.609375
EEGPz,1.421875
EEGPz,0.609375
EEGPz,0.609375
EEGPz,1.421875
EEGPz,0.609375
EEGPz,0.7109375
EEGPz,0.609375
EEGPz,0.7109375
EEGPz,1.625
EEGPz,0.609375
EEGPz,0.609375
EEGPz,1.1171875
EEGPz,0.609375
EEGPz,0.9140625
EEGPz,0.609375
EEGPz,0.8125
EEGPz,0.7109375
EEGPz,0.609375
EEGPz,0.8125
EEGPz,0.609375
EEGPz,0.8125
EEGPz,0.609375
EEGPz,0.609375
EEGPz,1.015625
EEGPz,0.9140625
EEGPz,1.1171875
EEGPz,0.8125
EEGPz,0.9140625
EEGPz,0.8125
EEGPz,1.1171875
EEGPz,0.609375
EEGPz,0.609375
EEGPz,0.609375
EEGPz,1.015625
EEGPz,0.7109375
EEGPz,0.8125
EEGPz,0.7109375
EEGPz,0.7109375
EEGPz,1.9296875
EEGPz,0.7109375
EEGPz,0.7109375
EEGPz,0.9140625
EEGPz,1.21875
EEGPz,0.9140625
EEGPz,0.8125
EEGPz,0.609375
EEGPz,1.015625
EEGPz,0.8125
EEGPz,0.7109375
EEGPz,0.7109375
EEGPz,0.8125
EEGPz,0.609375
EEGPz,1.9296875
EEGPz,0.9140625
EEGPz,0.609375
EEGPz,0.609375
EEGPz,0.609375
EEGPz,0.7109375
EEGPz,1.3203125
EEGPz,0.8125
EEGPz,0.9140625
EEGPz,0.609375
EEGP4,0.7109375
EEGP4,0.609375
EEGP4,0.7109375
EEGP4,0.7109375
EEGP4,0.609375
EEGP4,0.9140625
EEGP4,0.609375
EEGP4,0.7109375
EEGP4,0.609375
EEGP4,0.8125
EEGP4,1.1171875
EEGP4,0.609375
EEGP4,0.9140625
EEGP4,0.7109375
EEGT6,0.7109375
EEGT6,1.015625
EEGT6,0.9140625
EEGT6,0.609375
EEGO1,0.609375
EEGO1,0.609375
EEGO1,0.609375
EEGO1,0.609375
EEGO1,0.609375
EEGO1,0.8125
EEGO1,1.015625
EEGO1,0.8125
EEGO1,0.609375
EEGO1,1.015625
EEGO1,0.8125
EEGO1,0.609375
EEGO1,0.8125
EEGO1,1.1171875
EEGO1,1.015625
EEGO1,0.8125
EEGO1,0.609375
EEGO1,0.7109375
EEGO1,0.609375
EEGO1,0.7109375
EEGO1,0.8125
EEGO1,0.8125
EEGO1,0.609375
EEGO2,0.609375
EEGO2,0.8125
EEGO2,0.7109375
EEGO2,0.609375
EEGO2,0.7109375
EEGO2,0.609375
EEGO2,1.1171875
EEGO2,0.8125
EEGO2,0.609375
EEGO2,0.609375
EEGO2,0.8125
EEGO2,0.7109375
EEGO2,1.421875
EEGO2,0.7109375
