Canale,Start_Time(s),End_Time(s)
EEG C3,103.25,103.75
EEG C3,129.0,129.5
EEG C3,155.0,155.5
EEG C3,170.5,171.0
EEG C3,303.5,304.0
EEG C3,320.25,320.75
EEG C3,359.25,359.75
EEG C3,433.5,434.0
EEG C3,490.5,491.0
EEG C3,613.5,614.0
EEG C3,673.5,674.0
EEG C3,722.75,723.25
EEG C3,748.25,748.75
EEG C3,803.0,803.5
EEG C3,808.5,809.0
EEG C3,858.5,859.0
EEG C3,989.75,990.25
EEG C3,1107.75,1108.25
EEG C3,1179.75,1180.25
EEG C3,1299.75,1300.5
EEG C3,1419.75,1420.25
EEG C3,1454.75,1455.25
EEG C3,1486.0,1486.5
EEG C3,1491.75,1492.25
EEG C3,1506.5,1507.0
EEG C3,1527.5,1528.0
EEG C3,1557.0,1557.5
EEG C3,1679.75,1680.25
EEG C3,1708.5,1709.0
EEG C3,1735.0,1735.5
EEG C3,1740.0,1740.5
EEG C3,1744.25,1744.75
EEG C3,1780.25,1780.75
EEG C3,1852.25,1852.75
EEG C3,1873.5,1874.0
EEG C3,1896.75,1897.25
EEG C3,1917.25,1917.75
EEG C3,1965.75,1966.25
EEG C3,2012.5,2013.0
EEG C3,2033.25,2033.75
EEG C3,2095.0,2095.5
EEG C3,2134.25,2134.75
EEG C3,2184.75,2185.25
EEG C3,2201.75,2202.25
EEG C3,2217.25,2217.75
EEG C3,2267.25,2267.75
EEG C3,2286.75,2287.25
EEG C3,2312.75,2313.25
EEG C3,2348.5,2349.0
EEG C3,2355.25,2355.75
EEG C3,2370.75,2371.25
EEG C3,2400.25,2400.75
EEG C3,2461.5,2462.0
EEG C3,2546.25,2546.75
EEG C3,2692.0,2692.5
EEG C3,2731.75,2732.25
EEG C3,2881.0,2881.5
EEG C3,2895.0,2895.5
EEG C3,2986.5,2987.0
EEG C3,3336.25,3336.75
EEG C3,3463.75,3464.25
EEG C3,3650.25,3650.75
EEG C3,3726.5,3727.0
EEG C3,3774.75,3775.25
EEG C3,4051.5,4052.0
EEG C3,4075.0,4075.5
EEG C3,4181.0,4181.5
EEG C3,4234.75,4235.25
EEG C3,4281.5,4282.0
EEG C3,4313.0,4313.5
EEG C3,4319.5,4320.0
EEG C3,4345.0,4345.5
EEG C3,4351.25,4352.0
EEG C3,4357.25,4357.75
EEG C3,4377.25,4377.75
EEG C3,4425.0,4425.5
EEG C3,4508.75,4509.25
EEG C4,42.75,43.25
EEG C4,48.5,49.0
EEG C4,127.5,128.0
EEG C4,147.75,148.25
EEG C4,167.25,167.75
EEG C4,222.25,222.75
EEG C4,312.75,313.25
EEG C4,408.75,409.25
EEG C4,415.75,416.25
EEG C4,552.75,553.25
EEG C4,623.0,623.5
EEG C4,658.75,659.5
EEG C4,810.75,811.25
EEG C4,830.5,831.0
EEG C4,995.0,995.5
EEG C4,1054.0,1054.5
EEG C4,1123.5,1124.0
EEG C4,1253.75,1254.25
EEG C4,1291.5,1292.0
EEG C4,1307.75,1308.25
EEG C4,1370.0,1370.5
EEG C4,1432.5,1433.0
EEG C4,1516.75,1517.25
EEG C4,1558.25,1558.75
EEG C4,1567.75,1568.25
EEG C4,1579.25,1579.75
EEG C4,1595.5,1596.0
EEG C4,1604.5,1605.0
EEG C4,1717.75,1718.25
EEG C4,1726.5,1727.0
EEG C4,1878.25,1878.75
EEG C4,1896.75,1897.25
EEG C4,1919.75,1920.25
EEG C4,2012.5,2013.0
EEG C4,2059.5,2060.0
EEG C4,2085.5,2086.0
EEG C4,2183.75,2184.25
EEG C4,2204.75,2205.25
EEG C4,2250.0,2250.5
EEG C4,2288.25,2288.75
EEG C4,2350.5,2351.0
EEG C4,2522.25,2522.75
EEG C4,2543.25,2543.75
EEG C4,2760.0,2760.5
EEG C4,2786.0,2786.5
EEG C4,3180.0,3180.5
EEG C4,3861.5,3862.0
EEG C4,3906.0,3906.5
EEG C4,3971.25,3971.75
EEG C4,4011.0,4011.5
EEG C4,4032.5,4033.0
EEG C4,4298.25,4299.0
EEG C4,4363.25,4363.75
EEG C4,4398.0,4398.5
EEG C4,4519.25,4519.75
EEG Cz,42.25,42.75
EEG Cz,55.25,55.75
EEG Cz,82.5,83.0
EEG Cz,91.75,92.25
EEG Cz,273.75,274.25
EEG Cz,287.0,287.5
EEG Cz,295.0,295.5
EEG Cz,363.75,364.25
EEG Cz,405.0,405.5
EEG Cz,440.0,440.5
EEG Cz,616.0,616.5
EEG Cz,718.5,719.0
EEG Cz,742.75,743.25
EEG Cz,772.0,772.75
EEG Cz,799.0,799.5
EEG Cz,819.5,820.0
EEG Cz,826.5,827.0
EEG Cz,865.75,866.25
EEG Cz,944.25,944.75
EEG Cz,964.0,964.75
EEG Cz,1074.0,1074.5
EEG Cz,1093.0,1093.5
EEG Cz,1108.75,1109.25
EEG Cz,1218.5,1219.0
EEG Cz,1228.75,1229.25
EEG Cz,1362.25,1362.75
EEG Cz,1423.25,1423.75
EEG Cz,1443.75,1444.25
EEG Cz,1453.75,1454.25
EEG Cz,1466.75,1467.25
EEG Cz,1563.25,1563.75
EEG Cz,1567.25,1567.75
EEG Cz,1737.5,1738.0
EEG Cz,1862.0,1862.5
EEG Cz,1922.25,1922.75
EEG Cz,1990.5,1991.0
EEG Cz,2069.75,2070.25
EEG Cz,2154.25,2154.75
EEG Cz,2176.75,2177.25
EEG Cz,2294.75,2295.25
EEG Cz,2379.75,2380.25
EEG Cz,2616.75,2617.25
EEG Cz,2633.75,2634.25
EEG Cz,2727.5,2728.0
EEG Cz,2916.0,2916.5
EEG Cz,2967.25,2967.75
EEG Cz,3169.0,3169.5
EEG Cz,3286.5,3287.0
EEG Cz,3371.0,3371.5
EEG Cz,3485.5,3486.0
EEG Cz,3700.5,3701.0
EEG Cz,3705.25,3705.75
EEG Cz,3715.5,3716.0
EEG Cz,3772.75,3773.25
EEG Cz,3975.75,3976.5
EEG Cz,4026.75,4027.25
EEG Cz,4035.75,4036.25
EEG Cz,4067.25,4067.75
EEG Cz,4095.25,4095.75
EEG Cz,4105.5,4106.0
EEG Cz,4142.0,4142.5
EEG Cz,4158.25,4158.75
EEG Cz,4274.0,4274.5
EEG Cz,4330.0,4330.5
EEG Cz,4365.25,4365.75
EEG Cz,4405.25,4405.75
EEG Cz,4439.0,4439.5
EEG Cz,4477.0,4477.5
EEG Cz,4482.75,4483.25
EEG Cz,4516.0,4516.5
EEG F3,116.5,117.0
EEG F3,234.75,235.25
EEG F3,241.5,242.0
EEG F3,271.5,272.0
EEG F3,303.75,304.25
EEG F3,335.25,335.75
EEG F3,385.0,385.5
EEG F3,749.0,749.5
EEG F3,793.75,794.25
EEG F3,813.75,814.25
EEG F3,904.5,905.0
EEG F3,970.75,971.25
EEG F3,978.25,978.75
EEG F3,1055.0,1055.5
EEG F3,1089.5,1090.0
EEG F3,1094.5,1095.0
EEG F3,1235.25,1235.75
EEG F3,1387.75,1388.25
EEG F3,1420.5,1421.0
EEG F3,1426.75,1427.25
EEG F3,1443.25,1443.75
EEG F3,1509.25,1509.75
EEG F3,1556.0,1556.5
EEG F3,1566.0,1566.5
EEG F3,1602.0,1602.5
EEG F3,1613.75,1614.25
EEG F3,1744.75,1745.25
EEG F3,1755.25,1755.75
EEG F3,1896.75,1897.25
EEG F3,1916.75,1917.25
EEG F3,1960.75,1961.25
EEG F3,2012.5,2013.0
EEG F3,2101.75,2102.25
EEG F3,2107.0,2107.5
EEG F3,2118.5,2119.0
EEG F3,2329.5,2330.0
EEG F3,2342.5,2343.0
EEG F3,2378.5,2379.0
EEG F3,2386.75,2387.25
EEG F3,2393.75,2394.25
EEG F3,2509.75,2510.25
EEG F3,2526.75,2527.25
EEG F3,2532.0,2532.5
EEG F3,2633.75,2634.25
EEG F3,2766.25,2766.75
EEG F3,2782.0,2782.5
EEG F3,2795.25,2795.75
EEG F3,2803.25,2803.75
EEG F3,2851.25,2851.75
EEG F3,3160.0,3160.5
EEG F3,3945.5,3946.0
EEG F3,3974.5,3975.0
EEG F3,3981.0,3981.5
EEG F3,3985.75,3986.25
EEG F3,4032.0,4032.5
EEG F3,4046.5,4047.25
EEG F3,4143.0,4143.5
EEG F3,4258.5,4259.0
EEG F3,4309.0,4309.5
EEG F3,4318.5,4319.0
EEG F3,4415.0,4415.5
EEG F3,4428.75,4429.25
EEG F3,4466.0,4466.5
EEG F4,142.25,142.75
EEG F4,193.25,193.75
EEG F4,303.75,304.25
EEG F4,310.0,310.5
EEG F4,335.25,335.75
EEG F4,360.25,360.75
EEG F4,375.25,375.75
EEG F4,385.0,385.5
EEG F4,390.25,390.75
EEG F4,400.75,401.25
EEG F4,409.75,410.25
EEG F4,425.25,425.75
EEG F4,440.0,440.5
EEG F4,473.5,474.0
EEG F4,487.25,487.75
EEG F4,493.5,494.0
EEG F4,499.0,499.5
EEG F4,525.25,525.75
EEG F4,531.0,531.5
EEG F4,535.75,536.25
EEG F4,589.75,590.25
EEG F4,625.5,626.25
EEG F4,734.75,735.25
EEG F4,780.25,780.75
EEG F4,789.0,789.5
EEG F4,834.0,834.5
EEG F4,866.0,866.5
EEG F4,879.25,879.75
EEG F4,890.5,891.0
EEG F4,925.0,925.5
EEG F4,1088.0,1088.5
EEG F4,1123.25,1123.75
EEG F4,1179.75,1180.25
EEG F4,1218.5,1219.0
EEG F4,1274.25,1274.75
EEG F4,1308.25,1308.75
EEG F4,1374.25,1374.75
EEG F4,1380.25,1380.75
EEG F4,1388.25,1388.75
EEG F4,1392.75,1393.25
EEG F4,1427.75,1428.25
EEG F4,1496.75,1497.25
EEG F4,1523.0,1523.5
EEG F4,1541.75,1542.25
EEG F4,1579.0,1579.5
EEG F4,1659.0,1659.5
EEG F4,1672.5,1673.0
EEG F4,1678.25,1678.75
EEG F4,1685.25,1685.75
EEG F4,1720.5,1721.0
EEG F4,1785.75,1786.25
EEG F4,1813.75,1814.25
EEG F4,1842.25,1842.75
EEG F4,1857.5,1858.0
EEG F4,2049.25,2049.75
EEG F4,2244.5,2245.0
EEG F4,2489.75,2490.25
EEG F4,3947.0,3947.5
EEG F4,3974.0,3974.5
EEG F4,4076.0,4076.5
EEG F4,4085.25,4085.75
EEG F4,4090.75,4091.25
EEG F4,4099.5,4100.0
EEG F4,4137.5,4138.0
EEG F4,4233.25,4233.75
EEG F4,4280.5,4281.0
EEG F4,4327.25,4327.75
EEG F4,4336.0,4336.5
EEG F4,4369.5,4370.0
EEG F4,4379.75,4380.25
EEG F4,4404.75,4405.25
EEG F4,4424.0,4424.5
EEG F4,4457.5,4458.25
EEG F7,53.25,53.75
EEG F7,123.5,124.0
EEG F7,238.0,238.5
EEG F7,258.75,259.25
EEG F7,290.0,290.5
EEG F7,297.5,298.0
EEG F7,359.5,360.0
EEG F7,447.25,447.75
EEG F7,473.75,474.5
EEG F7,544.0,544.5
EEG F7,667.25,667.75
EEG F7,735.0,735.75
EEG F7,779.0,779.5
EEG F7,823.5,824.0
EEG F7,867.25,867.75
EEG F7,945.75,946.25
EEG F7,964.5,965.0
EEG F7,1019.75,1020.25
EEG F7,1138.75,1139.25
EEG F7,1317.75,1318.25
EEG F7,1389.0,1389.5
EEG F7,1399.75,1400.25
EEG F7,1687.25,1687.75
EEG F7,1721.5,1722.0
EEG F7,1726.75,1727.25
EEG F7,1734.5,1735.0
EEG F7,1816.0,1816.5
EEG F7,1895.25,1895.75
EEG F7,2012.5,2013.0
EEG F7,2034.5,2035.0
EEG F7,2130.5,2131.0
EEG F7,2271.75,2272.25
EEG F7,2278.0,2278.5
EEG F7,2448.0,2448.5
EEG F7,2966.25,2966.75
EEG F7,3459.75,3460.25
EEG F7,3627.25,3627.75
EEG F7,3917.75,3918.25
EEG F7,3925.25,3925.75
EEG F7,3963.25,3963.75
EEG F7,4013.5,4014.0
EEG F7,4135.0,4135.5
EEG F7,4163.75,4164.5
EEG F7,4185.75,4186.25
EEG F7,4213.5,4214.0
EEG F7,4270.0,4270.5
EEG F7,4280.5,4281.0
EEG F7,4309.75,4310.25
EEG F7,4336.0,4336.5
EEG F7,4352.0,4352.5
EEG F7,4369.5,4370.0
EEG F7,4453.25,4453.75
EEG F7,4529.75,4530.25
EEG F8,63.0,63.5
EEG F8,131.5,132.0
EEG F8,137.5,138.0
EEG F8,339.0,339.5
EEG F8,379.25,379.75
EEG F8,384.0,384.5
EEG F8,415.5,416.0
EEG F8,420.0,420.5
EEG F8,440.0,440.5
EEG F8,444.75,445.25
EEG F8,485.5,486.0
EEG F8,499.0,499.5
EEG F8,535.75,536.25
EEG F8,625.75,626.25
EEG F8,806.75,807.25
EEG F8,849.5,850.0
EEG F8,867.0,867.5
EEG F8,890.75,891.25
EEG F8,894.75,895.25
EEG F8,930.5,931.0
EEG F8,969.5,970.0
EEG F8,1195.25,1195.75
EEG F8,1208.0,1208.5
EEG F8,1227.75,1228.25
EEG F8,1284.0,1284.5
EEG F8,1383.25,1383.75
EEG F8,1541.75,1542.25
EEG F8,1620.5,1621.0
EEG F8,1680.0,1680.5
EEG F8,1735.75,1736.25
EEG F8,1781.25,1781.75
EEG F8,1805.75,1806.25
EEG F8,1822.75,1823.25
EEG F8,2198.0,2198.5
EEG F8,2285.75,2286.25
EEG F8,2349.0,2349.5
EEG F8,2386.5,2387.0
EEG F8,2528.0,2528.5
EEG F8,2560.0,2560.5
EEG F8,2576.0,2576.5
EEG F8,2921.0,2921.5
EEG F8,3253.25,3253.75
EEG F8,3728.25,3728.75
EEG F8,3988.75,3989.25
EEG F8,4018.25,4018.75
EEG F8,4025.25,4025.75
EEG F8,4050.5,4051.0
EEG F8,4055.25,4055.75
EEG F8,4104.0,4104.5
EEG F8,4123.0,4123.5
EEG F8,4147.5,4148.0
EEG F8,4291.5,4292.0
EEG F8,4308.0,4308.5
EEG F8,4341.5,4342.0
EEG F8,4364.25,4365.0
EEG F8,4381.5,4382.0
EEG F8,4481.0,4481.5
EEG F8,4502.75,4503.25
EEG Fp1,166.5,167.0
EEG Fp1,355.75,356.5
EEG Fp1,400.25,400.75
EEG Fp1,454.75,455.25
EEG Fp1,476.0,476.5
EEG Fp1,481.0,481.5
EEG Fp1,548.75,549.25
EEG Fp1,651.5,652.25
EEG Fp1,681.25,681.75
EEG Fp1,810.25,810.75
EEG Fp1,816.75,817.25
EEG Fp1,822.5,823.0
EEG Fp1,853.25,854.0
EEG Fp1,858.25,859.0
EEG Fp1,902.75,903.25
EEG Fp1,966.5,967.0
EEG Fp1,1085.0,1085.5
EEG Fp1,1094.75,1095.25
EEG Fp1,1102.0,1102.5
EEG Fp1,1115.75,1116.5
EEG Fp1,1170.5,1171.0
EEG Fp1,1208.0,1208.5
EEG Fp1,1281.0,1281.5
EEG Fp1,1655.0,1655.75
EEG Fp1,1744.0,1744.75
EEG Fp1,1791.5,1792.0
EEG Fp1,2012.5,2013.0
EEG Fp1,2198.5,2199.0
EEG Fp1,2244.5,2245.0
EEG Fp1,2260.75,2261.25
EEG Fp1,2400.75,2401.25
EEG Fp1,2427.5,2428.0
EEG Fp1,2473.75,2474.25
EEG Fp1,2487.5,2488.0
EEG Fp1,2508.0,2508.5
EEG Fp1,2665.75,2666.5
EEG Fp1,2882.25,2882.75
EEG Fp1,2950.0,2950.5
EEG Fp1,3018.75,3019.25
EEG Fp1,3126.0,3126.5
EEG Fp1,3969.75,3970.25
EEG Fp1,4102.25,4102.75
EEG Fp1,4117.25,4117.75
EEG Fp1,4212.75,4213.25
EEG Fp1,4294.25,4294.75
EEG Fp1,4318.5,4319.0
EEG Fp1,4360.25,4360.75
EEG Fp1,4426.0,4426.5
EEG Fp1,4515.25,4515.75
EEG Fp2,166.5,167.0
EEG Fp2,334.75,335.25
EEG Fp2,427.5,428.0
EEG Fp2,431.75,432.25
EEG Fp2,437.25,437.75
EEG Fp2,476.0,476.5
EEG Fp2,481.0,481.5
EEG Fp2,488.5,489.0
EEG Fp2,548.75,549.25
EEG Fp2,611.25,612.0
EEG Fp2,617.25,617.75
EEG Fp2,643.25,643.75
EEG Fp2,651.5,652.0
EEG Fp2,723.0,723.5
EEG Fp2,768.0,768.5
EEG Fp2,794.5,795.0
EEG Fp2,803.0,803.5
EEG Fp2,810.25,810.75
EEG Fp2,816.75,817.25
EEG Fp2,822.5,823.0
EEG Fp2,831.75,832.25
EEG Fp2,853.25,854.0
EEG Fp2,858.5,859.25
EEG Fp2,866.75,867.25
EEG Fp2,876.5,877.0
EEG Fp2,882.5,883.25
EEG Fp2,898.0,898.5
EEG Fp2,902.75,903.25
EEG Fp2,926.5,927.0
EEG Fp2,935.5,936.0
EEG Fp2,966.5,967.0
EEG Fp2,973.0,973.75
EEG Fp2,982.25,982.75
EEG Fp2,990.25,990.75
EEG Fp2,1023.5,1024.0
EEG Fp2,1032.25,1032.75
EEG Fp2,1045.25,1045.75
EEG Fp2,1067.5,1068.0
EEG Fp2,1110.5,1111.0
EEG Fp2,1116.0,1116.5
EEG Fp2,1170.5,1171.0
EEG Fp2,1281.0,1281.5
EEG Fp2,1509.25,1509.75
EEG Fp2,1649.0,1649.5
EEG Fp2,1655.0,1655.5
EEG Fp2,1673.75,1674.25
EEG Fp2,1782.75,1783.25
EEG Fp2,1836.0,1836.5
EEG Fp2,1935.25,1935.75
EEG Fp2,1968.25,1968.75
EEG Fp2,2012.5,2013.0
EEG Fp2,2036.5,2037.0
EEG Fp2,2090.0,2090.5
EEG Fp2,2100.0,2100.5
EEG Fp2,2132.5,2133.0
EEG Fp2,2146.25,2146.75
EEG Fp2,2200.0,2200.5
EEG Fp2,2244.5,2245.0
EEG Fp2,2251.25,2251.75
EEG Fp2,2260.75,2261.25
EEG Fp2,2400.5,2401.0
EEG Fp2,2469.0,2469.5
EEG Fp2,2487.5,2488.0
EEG Fp2,2492.0,2492.5
EEG Fp2,3126.0,3126.5
EEG Fp2,3220.5,3221.0
EEG Fp2,3303.25,3303.75
EEG Fp2,3533.5,3534.0
EEG Fp2,3950.25,3950.75
EEG Fp2,3956.5,3957.25
EEG Fp2,3982.5,3983.0
EEG Fp2,4049.75,4050.25
EEG Fp2,4384.5,4385.0
EEG Fz,166.5,167.0
EEG Fz,437.25,437.75
EEG Fz,476.0,476.5
EEG Fz,480.75,481.25
EEG Fz,570.5,571.0
EEG Fz,578.0,578.5
EEG Fz,722.75,723.5
EEG Fz,768.0,768.5
EEG Fz,816.75,817.25
EEG Fz,853.5,854.0
EEG Fz,858.5,859.0
EEG Fz,889.25,890.0
EEG Fz,1442.5,1443.0
EEG Fz,1456.25,1457.0
EEG Fz,1468.25,1469.0
EEG Fz,1476.25,1476.75
EEG Fz,1519.0,1519.5
EEG Fz,1527.75,1528.25
EEG Fz,1570.75,1571.5
EEG Fz,1576.75,1577.25
EEG Fz,1595.5,1596.0
EEG Fz,1642.75,1643.5
EEG Fz,1649.0,1649.5
EEG Fz,1673.75,1674.25
EEG Fz,1682.5,1683.0
EEG Fz,1700.0,1700.5
EEG Fz,1715.25,1715.75
EEG Fz,1748.25,1748.75
EEG Fz,1753.25,1753.75
EEG Fz,1782.75,1783.25
EEG Fz,1827.5,1828.0
EEG Fz,1831.75,1832.25
EEG Fz,1842.25,1842.75
EEG Fz,1848.0,1848.75
EEG Fz,1930.5,1931.25
EEG Fz,1953.25,1954.0
EEG Fz,1985.5,1986.0
EEG Fz,2012.5,2013.0
EEG Fz,2036.5,2037.0
EEG Fz,2077.5,2078.25
EEG Fz,2100.0,2100.5
EEG Fz,2164.0,2164.5
EEG Fz,2200.0,2200.5
EEG Fz,2249.0,2249.5
EEG Fz,2270.25,2270.75
EEG Fz,2313.25,2313.75
EEG Fz,2350.0,2350.5
EEG Fz,2356.75,2357.25
EEG Fz,2374.25,2374.75
EEG Fz,2385.75,2386.25
EEG Fz,2398.25,2398.75
EEG Fz,2439.25,2439.75
EEG Fz,2445.25,2445.75
EEG Fz,2474.5,2475.0
EEG Fz,2491.25,2492.0
EEG Fz,2504.0,2504.5
EEG Fz,2526.75,2527.25
EEG Fz,2532.5,2533.0
EEG Fz,2563.5,2564.0
EEG Fz,2681.75,2682.25
EEG Fz,2702.5,2703.0
EEG Fz,2718.75,2719.25
EEG Fz,2746.75,2747.5
EEG Fz,2765.0,2765.5
EEG Fz,2806.5,2807.0
EEG Fz,2813.0,2813.5
EEG Fz,2882.75,2883.25
EEG Fz,2929.0,2929.5
EEG Fz,3042.5,3043.0
EEG Fz,3223.25,3223.75
EEG Fz,3250.25,3250.75
EEG Fz,3305.75,3306.25
EEG Fz,3318.25,3319.0
EEG Fz,3367.75,3368.5
EEG Fz,3380.5,3381.0
EEG Fz,3390.75,3391.25
EEG Fz,3428.0,3428.5
EEG Fz,3434.5,3435.0
EEG Fz,3441.75,3442.25
EEG Fz,3453.75,3454.25
EEG Fz,3466.25,3466.75
EEG Fz,3511.75,3512.25
EEG Fz,3533.5,3534.0
EEG Fz,3594.5,3595.25
EEG Fz,3630.75,3631.25
EEG Fz,3634.75,3635.25
EEG Fz,3642.25,3642.75
EEG Fz,3818.75,3819.25
EEG Fz,3827.25,3827.75
EEG Fz,3874.75,3875.25
EEG Fz,3879.25,3879.75
EEG O1,38.25,38.75
EEG O1,55.25,56.0
EEG O1,75.0,75.5
EEG O1,177.75,178.25
EEG O1,390.5,391.0
EEG O1,511.75,512.25
EEG O1,592.5,593.0
EEG O1,799.25,799.75
EEG O1,866.0,866.5
EEG O1,1134.5,1135.0
EEG O1,1190.75,1191.25
EEG O1,1195.0,1195.5
EEG O1,1232.0,1232.5
EEG O1,1257.5,1258.0
EEG O1,1286.0,1286.5
EEG O1,1340.75,1341.25
EEG O1,1378.25,1379.0
EEG O1,1387.75,1388.25
EEG O1,1463.5,1464.0
EEG O1,1475.25,1475.75
EEG O1,1621.5,1622.0
EEG O1,1638.25,1638.75
EEG O1,1689.0,1689.5
EEG O1,1714.0,1714.5
EEG O1,1794.0,1794.5
EEG O1,1862.25,1862.75
EEG O1,1867.0,1867.5
EEG O1,1874.0,1874.5
EEG O1,1880.25,1880.75
EEG O1,1920.0,1920.5
EEG O1,1943.25,1944.0
EEG O1,2012.5,2013.0
EEG O1,2025.0,2025.5
EEG O1,2046.5,2047.0
EEG O1,2054.25,2054.75
EEG O1,2063.75,2064.25
EEG O1,2090.75,2091.25
EEG O1,2295.75,2296.25
EEG O1,2308.25,2308.75
EEG O1,2318.5,2319.0
EEG O1,2369.5,2370.0
EEG O1,2377.0,2377.5
EEG O1,2449.25,2449.75
EEG O1,2481.75,2482.25
EEG O1,2524.0,2524.5
EEG O1,2533.75,2534.25
EEG O1,2560.0,2560.5
EEG O1,2590.75,2591.25
EEG O1,2626.25,2626.75
EEG O1,2639.5,2640.0
EEG O1,2677.25,2677.75
EEG O1,2698.5,2699.0
EEG O1,2707.5,2708.0
EEG O1,2718.5,2719.0
EEG O1,2730.25,2730.75
EEG O1,2735.25,2735.75
EEG O1,2819.5,2820.0
EEG O1,2828.5,2829.0
EEG O1,2871.5,2872.0
EEG O1,2903.75,2904.25
EEG O1,2921.0,2921.5
EEG O1,2937.5,2938.0
EEG O1,2950.0,2950.5
EEG O1,3031.25,3031.75
EEG O1,3093.25,3093.75
EEG O1,3100.75,3101.25
EEG O1,3146.75,3147.25
EEG O1,3151.75,3152.25
EEG O1,3155.75,3156.25
EEG O1,3171.25,3171.75
EEG O1,3296.25,3296.75
EEG O1,3337.5,3338.0
EEG O1,3462.75,3463.25
EEG O1,3905.25,3905.75
EEG O1,3935.25,3935.75
EEG O1,3998.25,3999.0
EEG O1,4016.0,4016.5
EEG O1,4042.75,4043.25
EEG O1,4120.0,4120.5
EEG O1,4292.75,4293.25
EEG O1,4311.25,4311.75
EEG O1,4326.5,4327.0
EEG O1,4418.75,4419.25
EEG O1,4479.5,4480.0
EEG O1,4518.0,4518.5
EEG O2,208.0,208.5
EEG O2,401.0,401.5
EEG O2,423.25,423.75
EEG O2,528.0,528.5
EEG O2,569.75,570.25
EEG O2,676.0,676.5
EEG O2,704.0,704.5
EEG O2,753.5,754.0
EEG O2,766.5,767.0
EEG O2,822.5,823.0
EEG O2,841.75,842.25
EEG O2,853.5,854.0
EEG O2,1108.25,1108.75
EEG O2,1122.25,1122.75
EEG O2,1230.5,1231.0
EEG O2,1254.5,1255.0
EEG O2,1284.0,1284.5
EEG O2,1302.5,1303.0
EEG O2,1363.75,1364.25
EEG O2,1387.75,1388.25
EEG O2,1397.5,1398.0
EEG O2,1410.25,1410.75
EEG O2,1419.75,1420.25
EEG O2,1431.25,1431.75
EEG O2,1489.25,1489.75
EEG O2,1553.75,1554.25
EEG O2,1602.5,1603.0
EEG O2,1648.75,1649.25
EEG O2,1699.25,1699.75
EEG O2,1713.25,1713.75
EEG O2,1720.5,1721.0
EEG O2,1733.5,1734.0
EEG O2,1761.75,1762.25
EEG O2,1872.5,1873.0
EEG O2,1907.75,1908.5
EEG O2,1976.75,1977.25
EEG O2,1982.75,1983.25
EEG O2,2054.0,2054.5
EEG O2,2175.0,2175.5
EEG O2,2187.25,2187.75
EEG O2,2193.25,2193.75
EEG O2,2213.5,2214.0
EEG O2,2295.5,2296.0
EEG O2,2302.0,2302.5
EEG O2,2308.25,2308.75
EEG O2,2340.25,2340.75
EEG O2,2488.5,2489.0
EEG O2,2494.25,2494.75
EEG O2,2524.0,2524.5
EEG O2,2586.5,2587.0
EEG O2,2591.0,2591.5
EEG O2,2623.5,2624.0
EEG O2,2703.25,2703.75
EEG O2,3036.0,3036.5
EEG O2,3043.25,3043.75
EEG O2,3048.0,3048.5
EEG O2,3065.25,3065.75
EEG O2,3165.0,3165.5
EEG O2,3196.75,3197.25
EEG O2,3267.25,3267.75
EEG O2,3326.0,3326.5
EEG O2,3592.0,3592.5
EEG O2,3611.75,3612.25
EEG O2,3819.25,3819.75
EEG O2,3865.5,3866.0
EEG O2,3907.25,3907.75
EEG O2,4035.75,4036.25
EEG O2,4057.5,4058.0
EEG O2,4090.5,4091.0
EEG O2,4185.0,4185.5
EEG O2,4206.0,4206.75
EEG O2,4229.0,4229.5
EEG O2,4243.25,4243.75
EEG O2,4250.25,4250.75
EEG O2,4304.25,4304.75
EEG O2,4388.0,4388.5
EEG O2,4429.5,4430.0
EEG O2,4515.25,4515.75
EEG P3,97.25,98.0
EEG P3,134.75,135.5
EEG P3,299.75,300.25
EEG P3,379.5,380.0
EEG P3,394.0,394.5
EEG P3,400.25,400.75
EEG P3,423.0,423.5
EEG P3,458.25,458.75
EEG P3,533.0,533.5
EEG P3,558.75,559.25
EEG P3,593.75,594.25
EEG P3,605.5,606.0
EEG P3,651.5,652.0
EEG P3,656.75,657.25
EEG P3,695.25,695.75
EEG P3,727.5,728.0
EEG P3,737.0,737.5
EEG P3,791.5,792.0
EEG P3,797.75,798.25
EEG P3,823.75,824.25
EEG P3,858.5,859.0
EEG P3,877.5,878.0
EEG P3,902.0,902.5
EEG P3,1117.0,1117.5
EEG P3,1223.75,1224.25
EEG P3,1254.5,1255.0
EEG P3,1318.5,1319.0
EEG P3,1394.25,1394.75
EEG P3,1466.75,1467.25
EEG P3,1605.5,1606.0
EEG P3,1632.25,1632.75
EEG P3,1657.5,1658.0
EEG P3,1666.0,1666.5
EEG P3,1679.5,1680.0
EEG P3,1697.0,1697.5
EEG P3,1702.25,1702.75
EEG P3,1707.0,1707.5
EEG P3,1742.0,1742.5
EEG P3,1760.75,1761.25
EEG P3,1805.5,1806.0
EEG P3,1957.5,1958.0
EEG P3,1991.25,1991.75
EEG P3,2012.5,2013.0
EEG P3,2075.25,2075.75
EEG P3,2130.0,2130.5
EEG P3,2153.5,2154.0
EEG P3,2160.75,2161.25
EEG P3,2176.0,2176.5
EEG P3,2260.75,2261.25
EEG P3,2271.75,2272.25
EEG P3,2342.0,2342.5
EEG P3,2352.0,2352.5
EEG P3,2356.75,2357.25
EEG P3,2362.75,2363.25
EEG P3,2405.25,2405.75
EEG P3,2531.0,2531.5
EEG P3,2623.25,2623.75
EEG P3,2641.5,2642.0
EEG P3,2687.75,2688.25
EEG P3,2737.5,2738.0
EEG P3,2811.0,2811.5
EEG P3,3089.5,3090.0
EEG P3,3311.25,3311.75
EEG P3,3357.5,3358.0
EEG P3,3370.5,3371.0
EEG P3,3420.0,3420.5
EEG P3,3435.25,3435.75
EEG P3,3985.75,3986.25
EEG P3,3993.25,3993.75
EEG P3,4023.0,4023.75
EEG P3,4054.5,4055.0
EEG P3,4128.5,4129.0
EEG P3,4196.75,4197.25
EEG P3,4318.25,4318.75
EEG P3,4353.25,4353.75
EEG P3,4375.0,4375.5
EEG P3,4387.25,4387.75
EEG P3,4401.25,4401.75
EEG P3,4463.5,4464.0
EEG P3,4469.5,4470.0
EEG P3,4475.0,4475.5
EEG P3,4525.0,4525.75
EEG P4,213.5,214.0
EEG P4,250.5,251.0
EEG P4,287.0,287.5
EEG P4,307.0,307.5
EEG P4,333.25,333.75
EEG P4,348.75,349.25
EEG P4,374.75,375.25
EEG P4,394.25,394.75
EEG P4,401.75,402.25
EEG P4,420.0,420.5
EEG P4,425.25,425.75
EEG P4,430.0,430.5
EEG P4,468.25,468.75
EEG P4,509.5,510.25
EEG P4,534.25,534.75
EEG P4,541.75,542.25
EEG P4,619.25,619.75
EEG P4,653.5,654.0
EEG P4,844.5,845.0
EEG P4,849.0,849.5
EEG P4,915.0,915.5
EEG P4,1034.5,1035.0
EEG P4,1051.75,1052.25
EEG P4,1105.5,1106.0
EEG P4,1111.5,1112.0
EEG P4,1195.0,1195.5
EEG P4,1226.5,1227.0
EEG P4,1321.5,1322.0
EEG P4,1337.25,1337.75
EEG P4,1369.5,1370.0
EEG P4,1400.5,1401.0
EEG P4,1422.0,1422.5
EEG P4,1476.25,1476.75
EEG P4,1510.0,1510.5
EEG P4,1527.75,1528.25
EEG P4,1579.25,1579.75
EEG P4,1624.25,1624.75
EEG P4,1631.75,1632.25
EEG P4,1639.5,1640.0
EEG P4,1677.25,1677.75
EEG P4,1756.5,1757.0
EEG P4,1784.0,1784.5
EEG P4,1798.5,1799.0
EEG P4,1824.0,1824.5
EEG P4,1989.75,1990.25
EEG P4,1995.25,1995.75
EEG P4,2183.75,2184.25
EEG P4,2373.25,2373.75
EEG P4,2521.0,2521.5
EEG P4,2642.5,2643.0
EEG P4,2697.5,2698.0
EEG P4,2713.75,2714.25
EEG P4,2727.5,2728.0
EEG P4,2799.75,2800.25
EEG P4,2845.5,2846.0
EEG P4,2851.25,2851.75
EEG P4,2919.25,2919.75
EEG P4,3137.0,3137.5
EEG P4,3173.0,3173.5
EEG P4,3334.5,3335.0
EEG P4,3338.5,3339.0
EEG P4,3577.0,3577.5
EEG P4,3865.75,3866.25
EEG P4,3990.5,3991.0
EEG P4,4032.5,4033.0
EEG P4,4081.75,4082.25
EEG P4,4125.5,4126.0
EEG P4,4162.75,4163.25
EEG P4,4286.75,4287.25
EEG P4,4320.0,4320.5
EEG P4,4340.25,4340.75
EEG P4,4352.75,4353.25
EEG P4,4525.25,4525.75
EEG Pz,19.75,20.25
EEG Pz,27.75,28.25
EEG Pz,38.5,39.0
EEG Pz,68.0,68.5
EEG Pz,105.25,105.75
EEG Pz,121.5,122.0
EEG Pz,147.5,148.0
EEG Pz,258.75,259.25
EEG Pz,282.5,283.0
EEG Pz,323.5,324.0
EEG Pz,418.0,418.5
EEG Pz,428.0,428.5
EEG Pz,498.0,498.5
EEG Pz,514.25,514.75
EEG Pz,597.75,598.25
EEG Pz,676.5,677.0
EEG Pz,736.75,737.25
EEG Pz,819.25,819.75
EEG Pz,858.25,858.75
EEG Pz,887.75,888.5
EEG Pz,909.75,910.25
EEG Pz,999.25,999.75
EEG Pz,1017.0,1017.5
EEG Pz,1094.0,1094.75
EEG Pz,1110.25,1110.75
EEG Pz,1115.75,1116.25
EEG Pz,1186.75,1187.25
EEG Pz,1335.0,1335.5
EEG Pz,1450.75,1451.25
EEG Pz,1456.25,1457.0
EEG Pz,1469.25,1469.75
EEG Pz,1480.0,1480.5
EEG Pz,1491.75,1492.25
EEG Pz,1502.25,1502.75
EEG Pz,1513.75,1514.25
EEG Pz,1522.5,1523.0
EEG Pz,1527.75,1528.25
EEG Pz,1731.25,1731.75
EEG Pz,1756.5,1757.0
EEG Pz,1781.5,1782.0
EEG Pz,1793.25,1793.75
EEG Pz,1856.25,1856.75
EEG Pz,1971.0,1971.5
EEG Pz,1980.0,1980.5
EEG Pz,2137.0,2137.5
EEG Pz,2308.75,2309.25
EEG Pz,2332.75,2333.25
EEG Pz,2358.5,2359.0
EEG Pz,2394.25,2394.75
EEG Pz,2434.5,2435.0
EEG Pz,2440.0,2440.5
EEG Pz,2459.5,2460.25
EEG Pz,2464.0,2464.5
EEG Pz,2473.25,2473.75
EEG Pz,2498.75,2499.25
EEG Pz,2602.0,2602.5
EEG Pz,2702.0,2702.5
EEG Pz,2758.0,2758.5
EEG Pz,2764.5,2765.0
EEG Pz,2805.25,2805.75
EEG Pz,2856.25,2856.75
EEG Pz,3008.25,3008.75
EEG Pz,3049.25,3049.75
EEG Pz,3103.0,3103.5
EEG Pz,3119.75,3120.25
EEG Pz,3271.0,3271.5
EEG Pz,3314.5,3315.0
EEG Pz,3359.25,3359.75
EEG Pz,3408.0,3408.5
EEG Pz,3446.0,3446.5
EEG Pz,3551.75,3552.25
EEG Pz,3606.0,3606.5
EEG Pz,3673.5,3674.0
EEG Pz,3712.75,3713.25
EEG Pz,3834.25,3834.75
EEG Pz,3872.25,3872.75
EEG Pz,4008.75,4009.25
EEG Pz,4018.0,4018.5
EEG Pz,4118.5,4119.0
EEG Pz,4165.75,4166.25
EEG Pz,4205.0,4205.5
EEG Pz,4214.5,4215.0
EEG Pz,4259.25,4259.75
EEG Pz,4289.5,4290.0
EEG Pz,4308.75,4309.25
EEG Pz,4325.5,4326.0
EEG Pz,4331.5,4332.0
EEG Pz,4337.0,4337.5
EEG Pz,4421.75,4422.25
EEG Pz,4432.5,4433.0
EEG Pz,4501.0,4501.5
EEG Pz,4520.5,4521.0
EEG T3,106.0,106.5
EEG T3,132.25,132.75
EEG T3,164.5,165.25
EEG T3,223.25,223.75
EEG T3,247.5,248.0
EEG T3,254.75,255.25
EEG T3,326.0,326.5
EEG T3,356.0,356.5
EEG T3,426.75,427.25
EEG T3,616.0,616.5
EEG T3,781.5,782.25
EEG T3,813.75,814.25
EEG T3,835.75,836.25
EEG T3,853.5,854.0
EEG T3,877.5,878.0
EEG T3,897.75,898.25
EEG T3,902.75,903.25
EEG T3,912.25,912.75
EEG T3,921.25,921.75
EEG T3,935.5,936.0
EEG T3,957.75,958.25
EEG T3,973.0,973.5
EEG T3,1094.5,1095.0
EEG T3,1130.25,1130.75
EEG T3,1259.0,1259.5
EEG T3,1266.0,1266.5
EEG T3,1378.5,1379.0
EEG T3,1616.25,1616.75
EEG T3,1767.75,1768.25
EEG T3,1881.75,1882.25
EEG T3,1912.0,1912.5
EEG T3,1979.5,1980.0
EEG T3,2012.5,2013.0
EEG T3,2019.25,2019.75
EEG T3,2647.0,2647.5
EEG T3,2652.0,2652.5
EEG T3,2698.75,2699.25
EEG T3,2703.5,2704.0
EEG T3,2709.5,2710.0
EEG T3,2803.75,2804.25
EEG T3,2923.75,2924.25
EEG T3,2955.5,2956.0
EEG T3,2961.75,2962.5
EEG T3,3073.25,3073.75
EEG T3,3418.0,3418.5
EEG T3,3915.5,3916.0
EEG T3,4038.75,4039.25
EEG T3,4099.75,4100.25
EEG T3,4143.25,4143.75
EEG T3,4258.0,4258.5
EEG T3,4303.5,4304.0
EEG T3,4342.25,4342.75
EEG T4,109.25,109.75
EEG T4,223.25,223.75
EEG T4,303.5,304.0
EEG T4,320.0,320.5
EEG T4,430.5,431.0
EEG T4,450.75,451.25
EEG T4,459.75,460.25
EEG T4,474.75,475.25
EEG T4,492.25,492.75
EEG T4,549.75,550.25
EEG T4,556.25,556.75
EEG T4,570.0,570.5
EEG T4,579.75,580.25
EEG T4,600.0,600.5
EEG T4,653.5,654.0
EEG T4,700.75,701.25
EEG T4,713.0,713.5
EEG T4,761.75,762.25
EEG T4,786.25,786.75
EEG T4,804.0,804.5
EEG T4,817.5,818.0
EEG T4,833.0,833.5
EEG T4,837.25,837.75
EEG T4,844.25,844.75
EEG T4,861.5,862.0
EEG T4,867.0,867.5
EEG T4,877.0,877.5
EEG T4,1017.25,1017.75
EEG T4,1077.25,1077.75
EEG T4,1099.0,1099.5
EEG T4,1150.75,1151.25
EEG T4,1195.0,1195.5
EEG T4,1208.0,1208.5
EEG T4,1226.5,1227.25
EEG T4,1256.5,1257.25
EEG T4,1266.0,1266.5
EEG T4,1274.25,1274.75
EEG T4,1298.25,1298.75
EEG T4,1378.25,1378.75
EEG T4,1421.25,1421.75
EEG T4,1438.25,1438.75
EEG T4,1460.25,1460.75
EEG T4,1480.75,1481.5
EEG T4,1616.5,1617.0
EEG T4,1629.5,1630.0
EEG T4,1696.5,1697.0
EEG T4,1819.0,1819.5
EEG T4,1832.75,1833.25
EEG T4,1864.5,1865.0
EEG T4,1875.5,1876.0
EEG T4,1896.75,1897.25
EEG T4,1954.25,1954.75
EEG T4,1965.75,1966.25
EEG T4,2012.5,2013.0
EEG T4,2042.0,2042.5
EEG T4,2049.25,2049.75
EEG T4,2077.5,2078.0
EEG T4,2500.75,2501.25
EEG T4,2595.75,2596.25
EEG T4,2626.75,2627.25
EEG T4,2699.75,2700.25
EEG T4,2940.25,2940.75
EEG T4,2957.0,2957.5
EEG T4,2980.75,2981.25
EEG T4,3006.75,3007.25
EEG T4,3011.5,3012.0
EEG T4,3027.5,3028.0
EEG T4,3071.5,3072.0
EEG T4,3294.25,3294.75
EEG T4,3759.5,3760.0
EEG T4,3913.25,3913.75
EEG T4,4063.75,4064.25
EEG T4,4154.25,4154.75
EEG T4,4399.5,4400.0
EEG T4,4475.5,4476.0
EEG T4,4502.75,4503.25
EEG T4,4517.5,4518.0
EEG T5,287.25,287.75
EEG T5,315.0,315.5
EEG T5,423.75,424.25
EEG T5,534.75,535.25
EEG T5,615.75,616.25
EEG T5,639.25,639.75
EEG T5,772.25,772.75
EEG T5,780.5,781.0
EEG T5,797.0,797.5
EEG T5,806.0,806.5
EEG T5,844.5,845.0
EEG T5,980.0,980.5
EEG T5,990.25,990.75
EEG T5,1171.0,1171.5
EEG T5,1189.0,1189.5
EEG T5,1205.5,1206.0
EEG T5,1388.25,1388.75
EEG T5,1517.0,1517.5
EEG T5,1556.5,1557.0
EEG T5,1584.75,1585.25
EEG T5,1687.25,1687.75
EEG T5,1744.5,1745.0
EEG T5,1757.25,1757.75
EEG T5,1767.5,1768.0
EEG T5,1780.25,1780.75
EEG T5,1827.75,1828.25
EEG T5,1852.25,1852.75
EEG T5,1880.0,1880.5
EEG T5,1960.5,1961.0
EEG T5,2033.25,2033.75
EEG T5,2046.5,2047.0
EEG T5,2309.0,2309.5
EEG T5,2605.0,2605.5
EEG T5,2799.75,2800.25
EEG T5,2922.5,2923.0
EEG T5,2967.0,2967.5
EEG T5,3083.75,3084.25
EEG T5,3140.5,3141.0
EEG T5,3248.25,3248.75
EEG T5,3389.0,3389.5
EEG T5,3393.5,3394.25
EEG T5,3946.0,3946.5
EEG T5,3975.75,3976.25
EEG T5,4005.0,4005.5
EEG T5,4023.25,4024.0
EEG T5,4034.5,4035.0
EEG T5,4043.0,4043.5
EEG T5,4252.75,4253.25
EEG T5,4358.5,4359.0
EEG T5,4497.5,4498.0
EEG T6,43.5,44.0
EEG T6,62.25,62.75
EEG T6,137.75,138.25
EEG T6,191.75,192.25
EEG T6,224.25,224.75
EEG T6,320.25,320.75
EEG T6,332.5,333.0
EEG T6,343.0,343.5
EEG T6,349.0,349.5
EEG T6,413.75,414.25
EEG T6,420.75,421.25
EEG T6,426.0,426.5
EEG T6,478.0,478.5
EEG T6,485.25,485.75
EEG T6,492.5,493.0
EEG T6,541.5,542.25
EEG T6,567.5,568.25
EEG T6,600.0,600.5
EEG T6,645.5,646.0
EEG T6,671.0,671.5
EEG T6,761.75,762.25
EEG T6,780.0,780.75
EEG T6,817.5,818.0
EEG T6,971.5,972.0
EEG T6,1010.75,1011.25
EEG T6,1022.75,1023.25
EEG T6,1073.25,1073.75
EEG T6,1091.25,1091.75
EEG T6,1099.75,1100.25
EEG T6,1108.5,1109.0
EEG T6,1146.75,1147.25
EEG T6,1195.25,1195.75
EEG T6,1240.25,1240.75
EEG T6,1305.0,1305.5
EEG T6,1369.5,1370.0
EEG T6,1381.75,1382.25
EEG T6,1447.25,1447.75
EEG T6,1551.25,1551.75
EEG T6,1591.5,1592.0
EEG T6,1614.25,1614.75
EEG T6,1711.75,1712.25
EEG T6,2012.5,2013.0
EEG T6,2020.25,2020.75
EEG T6,2042.0,2042.5
EEG T6,2125.5,2126.25
EEG T6,2215.0,2215.5
EEG T6,2511.0,2511.5
EEG T6,2533.75,2534.25
EEG T6,2947.5,2948.0
EEG T6,3284.75,3285.25
EEG T6,3308.75,3309.25
EEG T6,3957.75,3958.25
EEG T6,3971.75,3972.25
EEG T6,4046.5,4047.0
EEG T6,4068.25,4069.0
EEG T6,4319.5,4320.0
EEG T6,4324.25,4324.75
EEG T6,4387.75,4388.25
EEG T6,4425.5,4426.0
EEG T6,4457.25,4457.75
EEG T6,4529.75,4530.25
